id,age,education,education-num,marital-status,occupation,relationship,race,sex,capital-gain,capital-loss,hours-per-week,native-country,class
1,39,Bachelors,13,Never-married,Adm-clerical,Not-in-family,White,Male,2174,0,40,United-States,<=50K
2,50,Bachelors,13,Married-civ-spouse,Exec-managerial,Husband,White,Male,0,0,13,United-States,<=50K
3,38,HS-grad,9,Divorced,Handlers-cleaners,Not-in-family,White,Male,0,0,40,United-States,<=50K
4,53,11th,7,Married-civ-spouse,Handlers-cleaners,Husband,Black,Male,0,0,40,United-States,<=50K
5,28,Bachelors,13,Married-civ-spouse,Prof-specialty,Wife,Black,Female,0,0,40,Cuba,<=50K
6,37,Masters,14,Married-civ-spouse,Exec-managerial,Wife,White,Female,0,0,40,United-States,<=50K
7,49,9th,5,Married-spouse-absent,Other-service,Not-in-family,Black,Female,0,0,16,Jamaica,<=50K
8,52,HS-grad,9,Married-civ-spouse,Exec-managerial,Husband,White,Male,0,0,45,United-States,>50K
9,31,Masters,14,Never-married,Prof-specialty,Not-in-family,White,Female,14084,0,50,United-States,>50K
10,42,Bachelors,13,Married-civ-spouse,Exec-managerial,Husband,White,Male,5178,0,40,United-States,>50K
11,37,Some-college,10,Married-civ-spouse,Exec-managerial,Husband,Black,Male,0,0,80,United-States,>50K
12,30,Bachelors,13,Married-civ-spouse,Prof-specialty,Husband,Asian-Pac-Islander,Male,0,0,40,India,>50K
13,23,Bachelors,13,Never-married,Adm-clerical,Own-child,White,Female,0,0,30,United-States,<=50K
14,32,Assoc-acdm,12,Never-married,Sales,Not-in-family,Black,Male,0,0,50,United-States,<=50K
15,40,Assoc-voc,11,Married-civ-spouse,Craft-repair,Husband,Asian-Pac-Islander,Male,0,0,40,?,>50K
16,34,7th-8th,4,Married-civ-spouse,Transport-moving,Husband,Amer-Indian-Eskimo,Male,0,0,45,Mexico,<=50K
17,25,HS-grad,9,Never-married,Farming-fishing,Own-child,White,Male,0,0,35,United-States,<=50K
18,32,HS-grad,9,Never-married,Machine-op-inspct,Unmarried,White,Male,0,0,40,United-States,<=50K
19,38,11th,7,Married-civ-spouse,Sales,Husband,White,Male,0,0,50,United-States,<=50K
20,43,Masters,14,Divorced,Exec-managerial,Unmarried,White,Female,0,0,45,United-States,>50K
21,40,Doctorate,16,Married-civ-spouse,Prof-specialty,Husband,White,Male,0,0,60,United-States,>50K
22,54,HS-grad,9,Separated,Other-service,Unmarried,Black,Female,0,0,20,United-States,<=50K
23,35,9th,5,Married-civ-spouse,Farming-fishing,Husband,Black,Male,0,0,40,United-States,<=50K
24,43,11th,7,Married-civ-spouse,Transport-moving,Husband,White,Male,0,2042,40,United-States,<=50K
25,59,HS-grad,9,Divorced,Tech-support,Unmarried,White,Female,0,0,40,United-States,<=50K
26,56,Bachelors,13,Married-civ-spouse,Tech-support,Husband,White,Male,0,0,40,United-States,>50K
27,19,HS-grad,9,Never-married,Craft-repair,Own-child,White,Male,0,0,40,United-States,<=50K
28,54,Some-college,10,Married-civ-spouse,?,Husband,Asian-Pac-Islander,Male,0,0,60,South,>50K
29,39,HS-grad,9,Divorced,Exec-managerial,Not-in-family,White,Male,0,0,80,United-States,<=50K
30,49,HS-grad,9,Married-civ-spouse,Craft-repair,Husband,White,Male,0,0,40,United-States,<=50K
31,23,Assoc-acdm,12,Never-married,Protective-serv,Not-in-family,White,Male,0,0,52,United-States,<=50K
32,20,Some-college,10,Never-married,Sales,Own-child,Black,Male,0,0,44,United-States,<=50K
33,45,Bachelors,13,Divorced,Exec-managerial,Own-child,White,Male,0,1408,40,United-States,<=50K
34,30,Some-college,10,Married-civ-spouse,Adm-clerical,Own-child,White,Male,0,0,40,United-States,<=50K
35,22,Some-college,10,Married-civ-spouse,Other-service,Husband,Black,Male,0,0,15,United-States,<=50K
36,48,11th,7,Never-married,Machine-op-inspct,Unmarried,White,Male,0,0,40,Puerto-Rico,<=50K
37,21,Some-college,10,Never-married,Machine-op-inspct,Own-child,White,Male,0,0,40,United-States,<=50K
38,19,HS-grad,9,Married-AF-spouse,Adm-clerical,Wife,White,Female,0,0,25,United-States,<=50K
39,31,Some-college,10,Married-civ-spouse,Sales,Husband,White,Male,0,0,38,?,>50K
40,48,Assoc-acdm,12,Married-civ-spouse,Prof-specialty,Husband,White,Male,0,0,40,United-States,<=50K
41,31,9th,5,Married-civ-spouse,Machine-op-inspct,Husband,White,Male,0,0,43,United-States,<=50K
42,53,Bachelors,13,Married-civ-spouse,Prof-specialty,Husband,White,Male,0,0,40,United-States,<=50K
43,24,Bachelors,13,Married-civ-spouse,Tech-support,Husband,White,Male,0,0,50,United-States,<=50K
44,49,HS-grad,9,Separated,Adm-clerical,Unmarried,White,Female,0,0,40,United-States,<=50K
45,25,HS-grad,9,Never-married,Handlers-cleaners,Not-in-family,White,Male,0,0,35,United-States,<=50K
46,57,Bachelors,13,Married-civ-spouse,Prof-specialty,Husband,Black,Male,0,0,40,United-States,>50K
47,53,HS-grad,9,Married-civ-spouse,Machine-op-inspct,Husband,White,Male,0,0,38,United-States,<=50K
48,44,Masters,14,Divorced,Exec-managerial,Unmarried,White,Female,0,0,40,United-States,<=50K
49,41,Assoc-voc,11,Married-civ-spouse,Craft-repair,Husband,White,Male,0,0,40,United-States,<=50K
50,29,Assoc-voc,11,Never-married,Prof-specialty,Not-in-family,White,Male,0,0,43,United-States,<=50K
51,25,Some-college,10,Married-civ-spouse,Exec-managerial,Wife,Other,Female,0,0,40,United-States,<=50K
52,18,HS-grad,9,Never-married,Other-service,Own-child,White,Female,0,0,30,?,<=50K
53,47,Prof-school,15,Married-civ-spouse,Prof-specialty,Wife,White,Female,0,1902,60,Honduras,>50K
54,50,Bachelors,13,Divorced,Exec-managerial,Not-in-family,White,Male,0,0,55,United-States,>50K
55,47,HS-grad,9,Divorced,Exec-managerial,Not-in-family,White,Male,0,0,60,United-States,<=50K
56,43,Some-college,10,Married-civ-spouse,Tech-support,Husband,White,Male,0,0,40,United-States,>50K
57,46,5th-6th,3,Married-civ-spouse,Machine-op-inspct,Husband,White,Male,0,0,40,Mexico,<=50K
58,35,Assoc-voc,11,Married-civ-spouse,Other-service,Husband,White,Male,0,0,40,Puerto-Rico,<=50K
59,41,HS-grad,9,Married-civ-spouse,Adm-clerical,Husband,White,Male,0,0,48,United-States,<=50K
60,30,HS-grad,9,Married-civ-spouse,Machine-op-inspct,Husband,White,Male,5013,0,40,United-States,<=50K
61,30,Bachelors,13,Married-civ-spouse,Sales,Husband,White,Male,2407,0,40,United-States,<=50K
62,32,7th-8th,4,Married-spouse-absent,?,Not-in-family,White,Male,0,0,40,?,<=50K
63,48,HS-grad,9,Married-civ-spouse,Transport-moving,Husband,White,Male,0,0,40,United-States,<=50K
64,42,Doctorate,16,Married-civ-spouse,Prof-specialty,Husband,White,Male,0,0,45,United-States,>50K
65,29,Some-college,10,Divorced,Tech-support,Not-in-family,White,Male,0,0,58,United-States,<=50K
66,36,HS-grad,9,Married-civ-spouse,Craft-repair,Husband,White,Male,0,0,40,United-States,<=50K
67,28,Some-college,10,Divorced,Adm-clerical,Not-in-family,White,Female,0,0,40,United-States,<=50K
68,53,HS-grad,9,Married-civ-spouse,Adm-clerical,Wife,White,Female,0,0,40,United-States,>50K
69,49,Some-college,10,Married-civ-spouse,Exec-managerial,Husband,White,Male,0,0,50,United-States,>50K
70,25,Some-college,10,Never-married,?,Own-child,White,Male,0,0,40,United-States,<=50K
71,19,Some-college,10,Never-married,Prof-specialty,Own-child,White,Male,0,0,32,United-States,<=50K
72,31,Bachelors,13,Separated,Sales,Own-child,Black,Female,0,0,40,United-States,<=50K
73,29,Bachelors,13,Married-civ-spouse,Sales,Husband,White,Male,0,0,70,United-States,>50K
74,23,Some-college,10,Never-married,Machine-op-inspct,Not-in-family,White,Male,0,0,40,United-States,<=50K
75,79,Some-college,10,Married-civ-spouse,Prof-specialty,Other-relative,White,Male,0,0,20,United-States,<=50K
76,27,HS-grad,9,Never-married,Other-service,Own-child,White,Male,0,0,40,Mexico,<=50K
77,40,Assoc-acdm,12,Married-civ-spouse,Adm-clerical,Husband,White,Male,0,0,40,United-States,<=50K
78,67,10th,6,Married-civ-spouse,?,Husband,White,Male,0,0,2,United-States,<=50K
79,18,11th,7,Never-married,Other-service,Own-child,White,Female,0,0,22,United-States,<=50K
80,31,7th-8th,4,Married-civ-spouse,Farming-fishing,Husband,White,Male,0,0,40,United-States,<=50K
81,18,HS-grad,9,Never-married,Sales,Not-in-family,White,Male,0,0,30,United-States,<=50K
82,52,Bachelors,13,Married-civ-spouse,Other-service,Husband,White,Male,0,0,40,Cuba,<=50K
83,46,HS-grad,9,Married-civ-spouse,Other-service,Wife,White,Female,0,0,40,United-States,<=50K
84,59,HS-grad,9,Married-civ-spouse,Sales,Husband,White,Male,0,0,48,United-States,<=50K
85,44,HS-grad,9,Divorced,Craft-repair,Not-in-family,White,Female,14344,0,40,United-States,>50K
86,53,HS-grad,9,Divorced,Sales,Own-child,White,Female,0,0,35,United-States,<=50K
87,49,HS-grad,9,Married-civ-spouse,Protective-serv,Husband,White,Male,0,0,40,United-States,>50K
88,33,Masters,14,Married-civ-spouse,Prof-specialty,Husband,White,Male,0,0,50,United-States,<=50K
89,30,9th,5,Never-married,Sales,Not-in-family,White,Male,0,0,40,United-States,<=50K
90,43,Doctorate,16,Never-married,Prof-specialty,Not-in-family,White,Female,0,0,50,United-States,>50K
91,57,Assoc-voc,11,Married-civ-spouse,Prof-specialty,Husband,White,Male,0,0,40,United-States,<=50K
92,37,Some-college,10,Divorced,Craft-repair,Unmarried,White,Female,0,0,40,United-States,<=50K
93,28,Some-college,10,Divorced,Machine-op-inspct,Unmarried,Black,Female,0,0,25,United-States,<=50K
94,30,HS-grad,9,Married-civ-spouse,Sales,Wife,Asian-Pac-Islander,Female,0,1573,35,?,<=50K
95,34,Bachelors,13,Married-civ-spouse,Protective-serv,Husband,White,Male,0,0,40,United-States,>50K
96,29,Some-college,10,Never-married,Handlers-cleaners,Not-in-family,White,Male,0,0,50,United-States,<=50K
97,48,Doctorate,16,Married-civ-spouse,Prof-specialty,Husband,White,Male,0,1902,60,United-States,>50K
98,37,Some-college,10,Married-civ-spouse,Sales,Husband,White,Male,0,0,48,United-States,>50K
99,48,Assoc-acdm,12,Divorced,Exec-managerial,Unmarried,White,Female,0,0,40,England,<=50K
100,32,HS-grad,9,Never-married,Other-service,Own-child,Black,Male,0,0,40,United-States,<=50K
101,76,Masters,14,Married-civ-spouse,Exec-managerial,Husband,White,Male,0,0,40,United-States,>50K
102,44,Bachelors,13,Married-civ-spouse,Exec-managerial,Husband,White,Male,15024,0,60,United-States,>50K
103,47,Masters,14,Never-married,Prof-specialty,Not-in-family,White,Female,0,0,50,United-States,<=50K
104,20,Some-college,10,Never-married,Tech-support,Own-child,White,Female,0,0,40,United-States,<=50K
105,29,HS-grad,9,Never-married,Craft-repair,Not-in-family,White,Male,0,0,40,United-States,<=50K
106,32,HS-grad,9,Married-civ-spouse,Craft-repair,Husband,White,Male,7688,0,40,United-States,>50K
107,17,10th,6,Never-married,?,Own-child,White,Female,34095,0,32,United-States,<=50K
108,30,11th,7,Never-married,Handlers-cleaners,Own-child,White,Male,0,0,40,United-States,<=50K
109,31,HS-grad,9,Never-married,Adm-clerical,Not-in-family,White,Female,0,0,40,United-States,<=50K
110,42,HS-grad,9,Married-civ-spouse,Handlers-cleaners,Husband,White,Male,0,0,40,United-States,<=50K
111,24,Bachelors,13,Never-married,Sales,Other-relative,White,Male,0,0,40,United-States,<=50K
112,38,Prof-school,15,Married-civ-spouse,Prof-specialty,Husband,White,Male,0,0,40,United-States,>50K
113,56,HS-grad,9,Married-civ-spouse,Other-service,Husband,White,Male,0,1887,50,Canada,>50K
114,28,Some-college,10,Married-civ-spouse,Sales,Wife,White,Female,4064,0,25,United-States,<=50K
115,36,HS-grad,9,Never-married,Machine-op-inspct,Own-child,White,Female,0,0,40,United-States,<=50K
116,53,9th,5,Married-civ-spouse,Handlers-cleaners,Husband,White,Male,0,0,50,United-States,<=50K
117,56,Some-college,10,Married-civ-spouse,Sales,Husband,White,Male,0,0,50,United-States,<=50K
118,49,Assoc-voc,11,Married-civ-spouse,Craft-repair,Husband,Black,Male,0,0,40,United-States,>50K
119,55,Some-college,10,Married-civ-spouse,Sales,Husband,White,Male,0,0,56,United-States,<=50K
120,22,HS-grad,9,Never-married,Craft-repair,Not-in-family,White,Male,0,0,41,United-States,<=50K
121,21,Some-college,10,Never-married,Other-service,Own-child,White,Female,0,0,40,United-States,<=50K
122,40,Bachelors,13,Married-civ-spouse,Exec-managerial,Husband,White,Male,0,0,60,United-States,<=50K
123,30,Bachelors,13,Never-married,Exec-managerial,Own-child,Black,Male,0,0,40,Germany,<=50K
124,29,Bachelors,13,Married-civ-spouse,Prof-specialty,Husband,White,Male,0,0,50,United-States,>50K
125,19,Some-college,10,Never-married,Other-service,Own-child,Black,Male,0,0,35,United-States,<=50K
126,47,Bachelors,13,Married-civ-spouse,Exec-managerial,Wife,White,Female,0,0,40,United-States,>50K
127,20,Some-college,10,Never-married,Adm-clerical,Own-child,White,Female,0,1719,28,United-States,<=50K
128,31,Assoc-acdm,12,Married-civ-spouse,Adm-clerical,Husband,White,Male,0,0,40,United-States,>50K
129,35,HS-grad,9,Married-civ-spouse,?,Husband,White,Male,0,0,40,United-States,<=50K
130,39,Some-college,10,Divorced,Craft-repair,Not-in-family,White,Male,0,0,40,United-States,<=50K
131,28,Assoc-acdm,12,Never-married,Sales,Not-in-family,White,Female,0,0,60,United-States,<=50K
132,24,HS-grad,9,Never-married,Other-service,Not-in-family,White,Female,0,1762,40,United-States,<=50K
133,38,HS-grad,9,Married-civ-spouse,Craft-repair,Husband,White,Male,4386,0,35,United-States,<=50K
134,37,Bachelors,13,Married-civ-spouse,Sales,Husband,White,Male,0,0,50,United-States,<=50K
135,46,Assoc-acdm,12,Divorced,Tech-support,Not-in-family,Black,Female,0,0,36,United-States,<=50K
136,38,Masters,14,Married-civ-spouse,Prof-specialty,Husband,White,Male,0,0,40,Iran,>50K
137,43,HS-grad,9,Married-civ-spouse,Craft-repair,Husband,White,Male,0,0,60,United-States,<=50K
138,27,Assoc-voc,11,Married-civ-spouse,Adm-clerical,Wife,White,Female,0,0,35,United-States,<=50K
139,20,Some-college,10,Never-married,Sales,Own-child,White,Male,0,0,20,United-States,<=50K
140,49,Some-college,10,Married-civ-spouse,Craft-repair,Husband,Asian-Pac-Islander,Male,0,0,40,United-States,>50K
141,61,HS-grad,9,Married-civ-spouse,Craft-repair,Husband,White,Male,0,0,40,United-States,<=50K
142,27,Some-college,10,Never-married,Sales,Own-child,White,Female,0,0,40,United-States,<=50K
143,19,Some-college,10,Never-married,Other-service,Own-child,White,Male,0,0,30,Mexico,<=50K
144,45,Assoc-voc,11,Never-married,Prof-specialty,Not-in-family,White,Female,0,1564,40,United-States,>50K
145,70,Some-college,10,Never-married,Tech-support,Other-relative,White,Male,0,0,40,United-States,<=50K
146,31,HS-grad,9,Never-married,Transport-moving,Unmarried,Black,Female,0,0,30,United-States,<=50K
147,22,Some-college,10,Married-civ-spouse,Other-service,Husband,White,Male,0,0,24,United-States,<=50K
148,36,HS-grad,9,Widowed,Other-service,Unmarried,White,Female,0,0,24,United-States,<=50K
149,64,11th,7,Married-civ-spouse,Craft-repair,Husband,White,Male,0,2179,40,United-States,<=50K
150,43,Some-college,10,Divorced,?,Not-in-family,White,Female,0,0,40,United-States,<=50K
151,47,Some-college,10,Divorced,Adm-clerical,Unmarried,White,Female,0,0,38,Mexico,<=50K
152,34,HS-grad,9,Never-married,Adm-clerical,Not-in-family,White,Female,0,0,40,United-States,<=50K
153,33,Bachelors,13,Never-married,Exec-managerial,Other-relative,Asian-Pac-Islander,Female,0,0,40,Philippines,<=50K
154,21,HS-grad,9,Never-married,Craft-repair,Own-child,White,Male,0,0,35,United-States,<=50K
155,52,HS-grad,9,Divorced,?,Not-in-family,White,Male,0,0,45,United-States,>50K
156,48,HS-grad,9,Married-civ-spouse,Craft-repair,Husband,White,Male,0,0,46,United-States,<=50K
157,23,Bachelors,13,Never-married,Handlers-cleaners,Not-in-family,White,Male,0,0,40,United-States,<=50K
158,71,Some-college,10,Separated,Sales,Unmarried,Black,Male,0,1816,2,United-States,<=50K
159,29,HS-grad,9,Divorced,Craft-repair,Not-in-family,White,Male,0,0,60,United-States,<=50K
160,42,Bachelors,13,Separated,Other-service,Other-relative,Black,Male,0,0,50,United-States,<=50K
161,68,1st-4th,2,Divorced,?,Not-in-family,White,Female,0,0,20,United-States,<=50K
162,25,HS-grad,9,Never-married,Other-service,Unmarried,White,Female,0,0,40,United-States,<=50K
163,44,Masters,14,Divorced,Exec-managerial,Unmarried,Asian-Pac-Islander,Female,0,0,40,United-States,<=50K
164,28,HS-grad,9,Never-married,Exec-managerial,Not-in-family,Asian-Pac-Islander,Female,0,0,40,England,<=50K
165,45,Masters,14,Married-civ-spouse,Sales,Husband,White,Male,0,0,40,United-States,>50K